sku,name,category,packaging_raw,order_options,recommended_order_qty,price_czk,points,source_row
101015,"Nálepka ""Život dětem"" (CZ), 1 ks",Tiskoviny->Marketingové nástroje TianDe,1,1,1,30.0,0.0,17
100264,"Brožura ""Altai Sacral"" (CZ), 1 ks","Tiskoviny->Брошюры, буклеты, книги",1,1,1,10.0,0.0,19
100323/02,"Brožura ""ECO mycí prostředek TianDe""  PL (polský jazyk)","Tiskoviny->Брошюры, буклеты, книги",1,1,1,3.0,0.0,20
100284,"Brožura ""Fucoidan"" (CZ), 1 ks","Tiskoviny->Брошюры, буклеты, книги",1,1,1,10.0,0.0,21
100289,"Brožura ""Marketingový plán TianDe 2020"" (CZ)","Tiskoviny->Брошюры, буклеты, книги",1,1,1,20.0,0.0,22
100263/01,"Brožura ""Master Herb""  (RO rumusnký jazyk)","Tiskoviny->Брошюры, буклеты, книги",1,1,1,15.0,0.0,23
100281,"Franchising TianDe - Příručka pro vedoucí Servisních center (CZ), 1 ks","Tiskoviny->Брошюры, буклеты, книги",1,1,1,1600.0,0.0,24
101806,Pracovní sešit TianDe   (PL  polský jazyk),"Tiskoviny->Брошюры, буклеты, книги",1,1,1,33.0,0.0,25
101488,1+1Katalog Tiande 2025 (RO),Tiskoviny->Каталоги и прайс-листы,1,1,1,73.0,0.0,27
101491,Katalog TianDe 2026 (CZ),Tiskoviny->Каталоги и прайс-листы,1,1,1,35.0,0.0,28
101460,Katalog TianDe 2020/2021 (EN),Tiskoviny->Каталоги и прайс-листы->Каталоги 2020,1,1,1,42.0,0.0,30
101479,Katalog TianDe 2024 (CZ),Tiskoviny->Каталоги и прайс-листы->Каталоги 2024,1,1,1,65.0,0.0,32
101484,Katalog TianDe 2024 (DE),Tiskoviny->Каталоги и прайс-листы->Каталоги 2024,1,1,1,90.0,0.0,33
101483,Katalog Tiande 2024 (RO),Tiskoviny->Каталоги и прайс-листы->Каталоги 2024,1,1,1,0.0,0.0,34
100056/10,Akční leták (RO),Tiskoviny->Листовки TianDe,1,1,1,0.0,0.0,36
100051/01,Akční leták KATALOG (CZ),Tiskoviny->Листовки TianDe,1,1,1,3.0,0.0,37
100051/02,Akční leták KATALOG (SK),Tiskoviny->Листовки TianDe,1,1,1,3.0,0.0,38
100716,Papírová dárková taška (zlata Tiande) 250x90x250 mm,Tiskoviny->Пакеты,1,1,1,33.0,0.0,40
100712,Papírová taška (fialová)  280*100*230,Tiskoviny->Пакеты,1,1,1,37.0,0.0,41
100644/24,Taška kraftový papír Tiande 24x11x33 cm  (hnědá barva),Tiskoviny->Пакеты,1,1,1,7.0,0.0,42
80112/09HM,"Ovocný balzám na rty „Broskev“, 3,5 g",Dekorativní kosmetika->Ovocné balzámy na rty TianDe,1 / 24 / 720,1/24/720,720,68.0,2.0,44
80112/07,"Ovocný balzám na rty „Jahoda“, 3,5 g",Dekorativní kosmetika->Ovocné balzámy na rty TianDe,1 / 24 / 720,1/24/720,720,68.0,2.0,45
80112/08HM,"Ovocný balzám na rty „Malina“, 3,5 g",Dekorativní kosmetika->Ovocné balzámy na rty TianDe,1 / 24 / 720,1/24/720,720,68.0,2.0,46
80112/03,"Ovocný balzám na rty „Vanilka“, 3,5 g",Dekorativní kosmetika->Ovocné balzámy na rty TianDe,1 / 24 / 720,1/24/720,720,68.0,2.0,47
80112/05,"Ovocný balzám na rty „Višeň“, 3,5 g",Dekorativní kosmetika->Ovocné balzámy na rty TianDe,1 / 24 / 720,1/24/720,720,68.0,2.0,48
80411/02,"Oční stíny Nápady líčení, 9 g",Dekorativní kosmetika->Серия «City Style» TianDe,1 / 144,1/144,144,385.0,13.0,50
80904/01,"Tužka na rty a oči, ton 01 ""Black"",1 ks","Dekorativní kosmetika->Серия «ProVisage» TianDe->Tužka na rty a oči ""ProVisage TianDe""",1 / 12 / 2880,1/12/2880,2880,42.0,1.4,52
80904/02,"Tužka na rty a oči, ton 02 ""Dark Brown"",1 ks","Dekorativní kosmetika->Серия «ProVisage» TianDe->Tužka na rty a oči ""ProVisage TianDe""",1 / 12 / 2880,1/12/2880,2880,42.0,1.4,53
80904/03,"Tužka na rty a oči, ton 03 ""Gray"",1 ks","Dekorativní kosmetika->Серия «ProVisage» TianDe->Tužka na rty a oči ""ProVisage TianDe""",1 / 12 / 2880,1/12/2880,2880,42.0,1.4,54
80921/01,"Sametový pleťový pudr Duo (odstín 01), 10 g",Dekorativní kosmetika->Серия «ProVisage» TianDe->Пудра ProVisage TianDe,1 / 240,1/240,240,291.0,10.0,56
80921/02,"Sametový pleťový pudr Duo (odstín 02), 10 g",Dekorativní kosmetika->Серия «ProVisage» TianDe->Пудра ProVisage TianDe,1 / 240,1/240,240,291.0,10.0,57
10114,"AKCE březen - duben!  CC pleťový krém s blur efektem SPF 20, 50 g",Kosmetické přípravky TianDe,1 / 120,1/120,120,348.0,12.0,59
10115HM,"AKCE březen - duben!  Krém s válečkem na tvarování kontur brady a krku, 120 g",Kosmetické přípravky TianDe,1 / 70,1/70,70,248.0,8.3,60
140110HM,"Kapsle na hygienické praní, 52 ks х 8 g",Kosmetické přípravky TianDe,1 / 36,1/36,36,484.0,15.9,61
147801,"Tablety do myčky s aktivním kyslíkem, 8 g х 35 ks",Kosmetické přípravky TianDe,1 / 24,1/24,24,445.0,12.5,62
30115HM,"Dop.sleva 15% Tělový deodorant-spray „Přírodní alunit a šalvěj"", 100 ml",Kosmetické přípravky TianDe->Deodorant,1 / 20,1/20,20,269.0,9.0,64
60151-2,"Kamencový deodorant s prebiotiky Men's Choice, svěžest, 50 g",Kosmetické přípravky TianDe->Deodorant,1 / 96,1/96,96,134.0,4.5,65
60153-2,"Kamencový deodorant s prebiotiky, květinová vůně, 50 g",Kosmetické přípravky TianDe->Deodorant,1 / 96,1/96,96,134.0,4.5,66
60152-2,"Kamencový deodorant s prebiotiky, svěží vůně, 50 g",Kosmetické přípravky TianDe->Deodorant,1 / 96,1/96,96,134.0,4.5,67
30101,"Krystalový tělový deodorant Natural Veil, 60 g",Kosmetické přípravky TianDe->Deodorant,1 / 12 / 144,1/12/144,144,269.0,9.7,68
30117,"Kosmetická fytonáplast Jian Kang, 5 ks",Kosmetické přípravky TianDe->Fytopatche TianDe,1 / 400,1/400,400,120.0,4.5,70
30118,"Kosmetická fytonáplast Wutong, 5 ks",Kosmetické přípravky TianDe->Fytopatche TianDe,1 / 400,1/400,400,120.0,4.5,71
30111,"Kosmetická tělová fytonáplast Yaoshen Forte, 2 ks",Kosmetické přípravky TianDe->Fytopatche TianDe,1 / 1500,1/1500,1500,126.0,4.7,72
30106,"Kosmetická tělová fytonáplast Zhui Feng Forte, 4 ks",Kosmetické přípravky TianDe->Fytopatche TianDe,1 / 120 / 720,1/120/720,720,84.0,2.3,73
10112,"Kolagenová pleťová esence na vrásky, 50 ml",Kosmetické přípravky TianDe->Kapsulní kosmetika,1 / 100,1/100,100,463.0,16.0,75
10108HM,"Multipeptidové pleťové sérum, 30 ml",Kosmetické přípravky TianDe->Kapsulní kosmetika,1 / 12 / 96,1/12/96,96,378.0,13.0,76
20155,"Olejová esence na vlasy vkapslích, 20 ks x 1 g",Kosmetické přípravky TianDe->Kapsulní kosmetika,1 / 150,1/150,150,282.0,9.7,77
10110HM,"Peptidový krém na oční víčka na vrásky, 30 g",Kosmetické přípravky TianDe->Kapsulní kosmetika,1 / 100,1/100,100,463.0,16.0,78
10106,"Pleťová esence s kolagenem a mořskými řasami, 30 ml",Kosmetické přípravky TianDe->Kapsulní kosmetika,1 / 144,1/144,144,271.0,10.0,79
10111HM,"Polypeptidový pleťový krém s kolagenem na vrásky, 50 ml",Kosmetické přípravky TianDe->Kapsulní kosmetika,1 / 100,1/100,100,484.0,16.7,80
10101,"Regenerační sérum v kapslích, 36 ks x 0,7 g",Kosmetické přípravky TianDe->Kapsulní kosmetika,1 / 300,1/300,300,424.0,14.3,81
41101HM,"De-expert!!! Krém na nohy s hadím tukem, 80 ml",Kosmetické přípravky TianDe->Krémy na ruce a nohy TianDe,1 / 1 / 12 / 12 / 144 / 144,1/1/12/12/144/144,144,123.0,3.8,83
41102HM,"De-expert!!! Krém na ruce shadím tukem, 80 ml",Kosmetické přípravky TianDe->Krémy na ruce a nohy TianDe,1 / 1 / 1 / 12 / 12 / 144 / 144,1/1/1/12/12/144/144,144,114.0,3.8,84
40109HM,"Krém na ruce Slunečné olivy, 80 g",Kosmetické přípravky TianDe->Krémy na ruce a nohy TianDe,1 / 1 / 12 / 144,1/1/12/144,144,39.0,0.8,85
40106,"Omlazující krém na ruce Lingzhi, 80 ml",Kosmetické přípravky TianDe->Krémy na ruce a nohy TianDe,1 / 12 / 144,1/12/144,144,107.0,3.6,86
41106,"Preventivní krém na nohy s hadím olejem, 30 g",Kosmetické přípravky TianDe->Krémy na ruce a nohy TianDe,1 / 60 / 480,1/60/480,480,48.0,1.6,87
41105HM,"Regenerační krém na nohy s hadím olejem, 30 g",Kosmetické přípravky TianDe->Krémy na ruce a nohy TianDe,1 / 60 / 480,1/60/480,480,48.0,1.6,88
40104,"Sleva březen - duben!!! Krém na ruce s placentou a perlovým práškem, 80 ml",Kosmetické přípravky TianDe->Krémy na ruce a nohy TianDe,1 / 12 / 144,1/12/144,144,57.0,1.7,89
40101HM,"Sleva březen - duben!!! Mléčný krém na ruce, 80 ml",Kosmetické přípravky TianDe->Krémy na ruce a nohy TianDe,1 / 1 / 1 / 12 / 12 / 144 / 144,1/1/1/12/12/144/144,144,41.0,1.3,90
40102HM,"Sleva březen - duben!!! Regenerační krém na ruce Aloe Vera, 80 ml",Kosmetické přípravky TianDe->Krémy na ruce a nohy TianDe,1 / 1 / 1 / 12 / 12 / 144 / 144,1/1/1/12/12/144/144,144,41.0,1.3,91
40105HM,"Sleva březen - duben!!! Vyživující hydratační krém na ruce Ovčí mléko, 80 ml",Kosmetické přípravky TianDe->Krémy na ruce a nohy TianDe,1 / 1 / 1 / 12 / 12 / 144 / 144,1/1/1/12/12/144/144,144,57.0,1.7,92
50120,"AKCE březen - duben!  Hydrogelové polštářky na pleť s ceramidy, 4 ks x 3 g",Kosmetické přípravky TianDe->Masky TianDe,1 / 720,1/720,720,68.0,2.2,94
80145HM,"AKCE leden-unor! Peptidová maska na rty s arganovým olejem, 13 g",Kosmetické přípravky TianDe->Masky TianDe,1 / 160,1/160,160,242.0,8.1,95
50116,"Čisticí zlatá slupovací pleťová maska, 130 ml",Kosmetické přípravky TianDe->Masky TianDe,1 / 144,1/144,144,242.0,8.0,96
50109,"Hydratační krémová maska na obličej Aloe, 35 g",Kosmetické přípravky TianDe->Masky TianDe->Krémové masky TianDe,1 / 1 / 1 / 100 / 100 / 400 / 400,1/1/1/100/100/400/400,400,68.0,1.4,98
50104,"Noční krémová maska na obličej s hroznovým vínem, 18 g",Kosmetické přípravky TianDe->Masky TianDe->Krémové masky TianDe,1 / 1 / 1 / 10 / 10 / 600 / 600,1/1/1/10/10/600/600,600,36.0,1.2,99
50101,"Noční krémová maska na obličej se zeleným čajem, 18 g",Kosmetické přípravky TianDe->Masky TianDe->Krémové masky TianDe,1 / 1 / 1 / 10 / 10 / 600 / 600,1/1/1/10/10/600/600,600,36.0,1.2,100
50111,"Regenarační krémová maska na obličej Mořský elixír, 35 g",Kosmetické přípravky TianDe->Masky TianDe->Krémové masky TianDe,1 / 1 / 1 / 100 / 100 / 400 / 400,1/1/1/100/100/400/400,400,68.0,1.4,101
52912,"AKCE březen - duben!  Hydratační spa rukavice s argininem a vitamínem B3, 1 pár",Kosmetické přípravky TianDe->Masky TianDe->Masky PRO Comfort,1 / 300,1/300,300,105.0,3.5,103
52901HM,"Intenzivní hydratační maska na obličej a krk Hyaluronová kyselina, 35 g",Kosmetické přípravky TianDe->Masky TianDe->Masky PRO Comfort,1 / 1 / 1 / 40 / 40 / 480 / 480,1/1/1/40/40/480/480,480,57.0,2.1,104
52903,"Intenzivní omlazující maska na obličej a krk Q10, 35 g",Kosmetické přípravky TianDe->Masky TianDe->Masky PRO Comfort,1 / 40 / 480,1/40/480,480,57.0,2.1,105
52911HM,"Obnovující maska na obličej a krk s fullereny a polypeptidy, 1 ks",Kosmetické přípravky TianDe->Masky TianDe->Masky PRO Comfort,1 / 480,1/480,480,57.0,2.1,106
52902,"Revitalizační  maska na obličej a krk Lingzhi, 35 g",Kosmetické přípravky TianDe->Masky TianDe->Masky PRO Comfort,1 / 40 / 480,1/40/480,480,57.0,2.1,107
54106HM,"Pleťová beauty-maska „Amino-koktejl”, 1 ks","Kosmetické přípravky TianDe->Masky TianDe->Série ""Skin Triumph""",1 / 360,1/360,360,45.0,1.4,109
54107,"Pleťová beauty-maska „Černý briliant”, 1 ks","Kosmetické přípravky TianDe->Masky TianDe->Série ""Skin Triumph""",1 / 360,1/360,360,48.0,1.5,110
54108,"Pleťová beauty-maska „Levandulová Provence”, 1 ks","Kosmetické přípravky TianDe->Masky TianDe->Série ""Skin Triumph""",1 / 360,1/360,360,45.0,1.4,111
54103HM,"Pleťová beauty-maska „Vinná terapie“, 1 ks","Kosmetické přípravky TianDe->Masky TianDe->Série ""Skin Triumph""",1 / 360,1/360,360,45.0,1.4,112
54105,"Pleťová beauty-maska s granátovým jablkem,1 ks","Kosmetické přípravky TianDe->Masky TianDe->Série ""Skin Triumph""",1 / 360,1/360,360,45.0,1.4,113
54104,"Pleťová beauty-maska s mořskými řasami, 1 ks","Kosmetické přípravky TianDe->Masky TianDe->Série ""Skin Triumph""",1 / 360,1/360,360,45.0,1.4,114
10131,"Regenerační balzám po holení, 170 ml",Kosmetické přípravky TianDe->Panská série TianDe,1 / 60,1/60,60,387.0,13.0,116
40120HM,Pečující krém na popraskané paty 40 g,Kosmetické přípravky TianDe->Péče o nohy TianDe,1 / 144,1/144,144,166.0,4.3,118
41320HM,"Solná koupel na nohy Čajovníkový strom, 50 g",Kosmetické přípravky TianDe->Péče o nohy TianDe,1 / 1 / 100 / 100 / 400 / 400,1/1/100/100/400/400,400,36.0,1.4,119
60149-2,"AKCE březen - duben!  Gel pro intimní péči s bylinnými extrakty, 360 g",Kosmetické přípravky TianDe->Péče o tělo TianDe,1 / 48,1/48,48,250.0,8.5,121
30162-2,"AKCE březen - duben!  Revitalizační sprchový gel Oliva a maracuja, 470 g",Kosmetické přípravky TianDe->Péče o tělo TianDe,1 / 15,1/15,15,248.0,8.3,122
30160-2,"AKCE březen - duben! Hydratační sprchový gel Vodní meloun a hrozny, 470 g",Kosmetické přípravky TianDe->Péče o tělo TianDe,1 / 15,1/15,15,248.0,8.3,123
30138-2,"Balzám „Talisman“, 50 g",Kosmetické přípravky TianDe->Péče o tělo TianDe,1 / 96,1/96,96,192.0,6.5,124
36006,"Hyaluronový gel-lotion na obličej a tělo s mořskými řasami, 220 ml",Kosmetické přípravky TianDe->Péče o tělo TianDe,1 / 12 / 48,1/12/48,48,272.0,9.1,125
46903-2,"Krém na nohy s 30 % močoviny na pokožku s prasklinami a otlaky, 80 g",Kosmetické přípravky TianDe->Péče o tělo TianDe,1 / 96,1/96,96,121.0,4.0,126
140111HM,"Tělové mýdlo s ženšenem, 100 g",Kosmetické přípravky TianDe->Péče o tělo TianDe,1 / 120,1/120,120,126.0,3.3,127
20159-2,"AKCE březen - duben!  Hydratační šampon Vodní meloun a hrozny, 370 g",Kosmetické přípravky TianDe->Péče o vlasy TianDe,1 / 24,1/24,24,223.0,7.5,129
20161-2,"AKCE březen - duben! Revitalizační šampon Oliva a maracuja, 370 g",Kosmetické přípravky TianDe->Péče o vlasy TianDe,1 / 24,1/24,24,223.0,7.5,130
30158HM,"Fluid na vlasy s arganovým olejem a aminokyselinami, 50 ml",Kosmetické přípravky TianDe->Péče o vlasy TianDe,1 / 150,1/150,150,348.0,11.7,131
20127HM,"De-expert!!! Posilující maska na vlasy Hadí olej , 500 g",Kosmetické přípravky TianDe->Péče o vlasy TianDe->Masky na vlasy,1 / 12 / 24,1/12/24,24,248.0,9.9,133
20109HM,"AKCE březen - duben!  Balzám na vlasy na zpevnění vlasových kořenů s extraktem Ling Zhi, 220 g","Kosmetické přípravky TianDe->Péče o vlasy TianDe->Série ""Linzhi""",1 / 24 / 48,1/24/48,48,182.0,6.9,135
20107,"AKCE březen-duben!!! Šampon pro posílení vlasů s extraktem Ling Zhi, 220 g","Kosmetické přípravky TianDe->Péče o vlasy TianDe->Série ""Linzhi""",1 / 24 / 48,1/24/48,48,182.0,6.9,136
21309HM,"Balzám na vlasy Zlatý zázvor, 300 ml","Kosmetické přípravky TianDe->Péče o vlasy TianDe->Série ""Zlatý zázvor""",1 / 1 / 1 / 48 / 48,1/1/1/48/48,48,269.0,10.3,138
21308,"Šampón na vlasy „Zlatý zázvor“, 300 ml","Kosmetické přípravky TianDe->Péče o vlasy TianDe->Série ""Zlatý zázvor""",1 / 1 / 1 / 48 / 48,1/1/1/48/48,48,269.0,10.3,139
23402,"Maska-aktivátor růstu vlasů, 250 g",Kosmetické přípravky TianDe->Péče o vlasy TianDe->Série Bio Rehab,1 / 48,1/48,48,278.0,10.3,141
23401HM,"Šampon - aktivátor růstu vlasů, 250 g",Kosmetické přípravky TianDe->Péče o vlasy TianDe->Série Bio Rehab,1 / 1 / 1 / 48 / 48,1/1/1/48/48,48,278.0,10.3,142
23403,"Tonikum na podporu růstu vlasů, 50 g",Kosmetické přípravky TianDe->Péče o vlasy TianDe->Série Bio Rehab,1 / 72,1/72,72,397.0,13.2,143
21316,"Balzám na poškozené vlasy, 500 g",Kosmetické přípravky TianDe->Péče o vlasy TianDe->Série Master Herb,1 / 1 / 1 / 1 / 12 / 36 / 36,1/1/1/1/12/36/36,36,254.0,10.0,145
21311,"Krém - balzám na padající vlasy, 500 g",Kosmetické přípravky TianDe->Péče o vlasy TianDe->Série Master Herb,1 / 12 / 36,1/12/36,36,328.0,12.5,146
21310HM,"Šampón na padající vlasy, 420 ml",Kosmetické přípravky TianDe->Péče o vlasy TianDe->Série Master Herb,1 / 24,1/24,24,418.0,14.7,147
21315HM,"Šampón na šedivějící vlasy, 420 ml",Kosmetické přípravky TianDe->Péče o vlasy TianDe->Série Master Herb,1 / 24,1/24,24,387.0,13.9,148
20115HM,"Obnovující balzám na vlasy sextraktem ženšenu, 500 g",Kosmetické přípravky TianDe->Péče o vlasy TianDe->Série Ženšen,1 / 15 / 30,1/15/30,30,282.0,10.5,150
20101HM,"Sada s extraktem ženšenu: šampon a maska na vlasy, 220 g + 100 g",Kosmetické přípravky TianDe->Péče o vlasy TianDe->Série Ženšen,1 / 24 / 48,1/24/48,48,255.0,7.2,151
20151,Sleva březen - duben!!! Regenerační šampon s kořenem ženšenu,Kosmetické přípravky TianDe->Péče o vlasy TianDe->Série Ženšen,1 / 48,1/48,48,142.0,5.0,152
20102,"Vyživující šampón s kořenem ženšenu, 450 ml",Kosmetické přípravky TianDe->Péče o vlasy TianDe->Série Ženšen,1 / 1 / 1 / 36 / 36,1/1/1/36/36,36,269.0,8.0,153
10304HM,"Hydratační vyživující krém na obličej, 50 g",Kosmetické přípravky TianDe->Placentární série TianDe,1 / 12 / 96,1/12/96,96,164.0,5.1,155
10306,"Krém na vrásky na oční víčka, 50 g",Kosmetické přípravky TianDe->Placentární série TianDe,1 / 12 / 96,1/12/96,96,194.0,6.6,156
10301,"Peeling na obličej, 80 g",Kosmetické přípravky TianDe->Placentární série TianDe,1 / 12 / 96,1/12/96,96,164.0,5.1,157
10308,"Pleťové tonikum, 100 ml",Kosmetické přípravky TianDe->Placentární série TianDe,1 / 96,1/96,96,177.0,6.0,158
10303HM,"Regenerační krém na obličej na vrásky, 50 g",Kosmetické přípravky TianDe->Placentární série TianDe,1 / 12 / 96,1/12/96,96,164.0,5.1,159
10305,"Tónovací krém na obličej, 50 g",Kosmetické přípravky TianDe->Placentární série TianDe,1 / 12 / 96,1/12/96,96,164.0,5.1,160
10305/01HM,"Tónovací krém na obličej, tón 01, 50 g",Kosmetické přípravky TianDe->Placentární série TianDe,1 / 12 / 12 / 12 / 96 / 96 / 96,1/12/12/12/96/96/96,96,164.0,5.1,161
10302HM,"Vyhlazující krém na obličej, 50 g",Kosmetické přípravky TianDe->Placentární série TianDe,1 / 12 / 96,1/12/96,96,164.0,5.1,162
44402-2,"Fytogel na nohy Slaviton, 125 g","Kosmetické přípravky TianDe->Série ""Altai Sacral""",1 / 96,1/96,96,282.0,8.9,164
64404-2,"Jemný gel pro intimní péči, 360 ml","Kosmetické přípravky TianDe->Série ""Altai Sacral""",1 / 48,1/48,48,250.0,8.5,165
34413-2,"Tělový krém „Tekutá náplast“, 125 g","Kosmetické přípravky TianDe->Série ""Altai Sacral""",1 / 96,1/96,96,282.0,8.9,166
34401-2,"Tělový masážní gel Orthophyt, 125 g","Kosmetické přípravky TianDe->Série ""Altai Sacral""",1 / 96,1/96,96,282.0,8.9,167
144313,"Mycí prostředek na nádobí na bázi plodů Mýdelníku, 500 ml","Kosmetické přípravky TianDe->Série ""Ekosféra""",1 / 25,1/25,25,385.0,12.0,169
980201,"Přírodní houba „Konjac“, 1 ks (ТМ EcoDeViva)","Kosmetické přípravky TianDe->Série ""Ekosféra""",1 / 288,1/288,288,116.0,3.8,170
41328HM,"AKCE březen-duben! Levandulová náplast na nohy, 2 ks","Kosmetické přípravky TianDe->Série ""Master Herb""",1 / 440,1/440,440,97.0,2.5,172
11307,"Čistící maska na obličej s projevy akné a jizvami, 35 g","Kosmetické přípravky TianDe->Série ""Master Herb""",1 / 1 / 1 / 10 / 10 / 360 / 360,1/1/1/10/10/360/360,360,57.0,2.2,173
11317,"Čistící náplast na nos Čisté póry, 1 ks","Kosmetické přípravky TianDe->Série ""Master Herb""",1 / 10 / 1440,1/10/1440,1440,27.0,1.0,174
41314HM,"Náplast na nohy, 2 ks","Kosmetické přípravky TianDe->Série ""Master Herb""",1 / 1 / 1 / 100 / 400 / 400,1/1/1/100/400/400,400,105.0,2.6,175
90175,"Zubní kartáček „Bambusové uhlí“, 1 ks","Kosmetické přípravky TianDe->Série ""ProDental""",1 / 300,1/300,300,135.0,5.5,177
90198/04,"Zubní kartáček „ProDental Junior“, fialový, 1 ks","Kosmetické přípravky TianDe->Série ""ProDental""",1 / 300,1/300,300,79.0,2.8,178
90198/02,"Zubní kartáček „ProDental Junior“, růžový, 1 ks","Kosmetické přípravky TianDe->Série ""ProDental""",1 / 300,1/300,300,79.0,2.8,179
980148/03,"Zubní kartáček „ProDental“, zelený, 1 ks (ТМ EcoDeViva)","Kosmetické přípravky TianDe->Série ""ProDental""",1 / 300,1/300,300,134.0,5.0,180
90153/03,"Zubní kartáček ProDental Junior, modrý, 1 ks","Kosmetické přípravky TianDe->Série ""ProDental""",1 / 300,1/300,300,79.0,2.8,181
90153/01,"Zubní kartáček ProDental Junior, zelený, 1 ks","Kosmetické přípravky TianDe->Série ""ProDental""",1 / 300,1/300,300,79.0,2.8,182
90148/02,"Zubní kartáček""ProDental"" modrý, 1 ks","Kosmetické přípravky TianDe->Série ""ProDental""",1 / 30 / 300,1/30/300,300,134.0,5.0,183
90148/04,"Zubní kartáček""ProDental"",oranžový,1ks","Kosmetické přípravky TianDe->Série ""ProDental""",1 / 30 / 300,1/30/300,300,134.0,5.0,184
60143,"Zubní pasta ProDental, 120 g","Kosmetické přípravky TianDe->Série ""ProDental""",1 / 12 / 72,1/12/72,72,444.0,16.9,185
44605,"De-expert!!!  Omlazující krém-booster na ruce s mucinem hlemýžďů, 60 g","Kosmetické přípravky TianDe->Série ""Snail Secret""",1 / 144,1/144,144,134.0,5.8,187
14604,"De-expert!!!  Regenerační tonikum s mucinem hlemýžďů, 80 ml","Kosmetické přípravky TianDe->Série ""Snail Secret""",1 / 48,1/48,48,552.0,25.0,188
14601,"De-expert!!! Vícefunkční krém na obličej s mucinem hlemýžďů, 5 ks x 10 ml","Kosmetické přípravky TianDe->Série ""Snail Secret""",1 / 250,1/250,250,592.0,25.0,189
14602,"De-expert!!! Vícefunkční krém na oči s mucinem hlemýžďů, 5 ks x 10 ml","Kosmetické přípravky TianDe->Série ""Snail Secret""",1 / 250,1/250,250,592.0,25.0,190
65301-2,"Volupta+ pro ženy, 15 g","Kosmetické přípravky TianDe->Série ""Volupta""",1 / 192,1/192,192,215.0,9.0,192
20117HM,"Šampon sextraktem aloe, 200 g",Kosmetické přípravky TianDe->Série Aloe Rich,1 / 1 / 1 / 12 / 12 / 48 / 48,1/1/1/12/12/48/48,48,153.0,4.2,194
20144HM,"Stylingový sprej na vlasy s Aloe „Objem a pružnost“, 200 ml",Kosmetické přípravky TianDe->Série Aloe Rich,1 / 60,1/60,60,211.0,6.0,195
12712,"AKCE březen - duben!  Jemné hydratační tonikum, 150 g",Kosmetické přípravky TianDe->Série Collagen Active,1 / 12 / 96,1/12/96,96,328.0,11.0,197
12707,"AKCE březen - duben! Modelující gel na tvar obličeje, 150 g",Kosmetické přípravky TianDe->Série Collagen Active,1 / 48,1/48,48,347.0,12.0,198
12705,"AKCE březen - duben! Zpevňující a liftingová emulze na obličej a krk, 100 g",Kosmetické přípravky TianDe->Série Collagen Active,1 / 48,1/48,48,347.0,12.0,199
12703HM,"Intenzivní liftingový krém na obličej, 50 g",Kosmetické přípravky TianDe->Série Collagen Active,1 / 48,1/48,48,347.0,12.0,200
12711,"Korigující maska na obličej Intenzivní lifting, 1 ks",Kosmetické přípravky TianDe->Série Collagen Active,1 / 1 / 400 / 400,1/1/400/400,400,66.0,2.4,201
12710,"Křišťálová kolagenová maska na oční víčka, 1 ks",Kosmetické přípravky TianDe->Série Collagen Active,1 / 1 / 1 / 1000 / 1000,1/1/1/1000/1000,1000,81.0,3.3,202
12704,"Liftingový krém na kontury očí, 15 g",Kosmetické přípravky TianDe->Série Collagen Active,1 / 48,1/48,48,442.0,14.9,203
32604,"Krémové tělové mléko „Slunečné olivy“, 350 g",Kosmetické přípravky TianDe->Série Hainan Tao,1 / 1 / 1 / 36 / 36,1/1/1/36/36,36,319.0,10.9,205
32602,"Krémový sprchový gel „Slunečné olivy“, 350 g",Kosmetické přípravky TianDe->Série Hainan Tao,1 / 1 / 1 / 36 / 36,1/1/1/36/36,36,221.0,7.4,206
11319HM,"Čistící gel na obličej, 100 g",Kosmetické přípravky TianDe->Série Master Herb na základě aloe,1 / 144,1/144,144,224.0,8.0,208
11321,"Gel na obličej s projevy akné BioComplex, 25 g",Kosmetické přípravky TianDe->Série Master Herb na základě aloe,1 / 120,1/120,120,342.0,10.5,209
11323HM,"Krém na obličej s projevy akné a jizvami, 20 ml",Kosmetické přípravky TianDe->Série Master Herb na základě aloe,1 / 120,1/120,120,269.0,10.0,210
11320,"Pleťová voda na aknózní pleť, 60 ml",Kosmetické přípravky TianDe->Série Master Herb na základě aloe,1 / 96,1/96,96,232.0,8.4,211
15102,"De-expert!!!  Regenerační pleťové tonikum, 100 ml",Kosmetické přípravky TianDe->Série Snake Factor,1 / 96,1/96,96,235.0,10.0,213
15105,"De-expert!!! Gel-aktiv proti vráskám na pleť kolem očí, 25 g",Kosmetické přípravky TianDe->Série Snake Factor,1 / 96,1/96,96,321.0,14.0,214
15103,"De-expert!!! Krém na zpevnění obličeje a vyhlazení vrásek,  55 g",Kosmetické přípravky TianDe->Série Snake Factor,1 / 96,1/96,96,321.0,13.2,215
15104,"De-expert!!! Krém pro komplexní obnovu pleti obličeje,  55 g",Kosmetické přípravky TianDe->Série Snake Factor,1 / 96,1/96,96,321.0,13.2,216
25106,"De-expert!!! Šampon na vlasy “Snake Factor”, 200 ml",Kosmetické přípravky TianDe->Série Snake Factor,1 / 48,1/48,48,211.0,10.0,217
12114,"30% SLEVA!! Lotion na obličej multifunkční, 120 ml",Kosmetické přípravky TianDe->Série Tibetan Herbs TianDe,1 / 72,1/72,72,250.0,8.4,219
12106HM,"Intenzivní komplex na pokožku kolem očí, 100 ks + 10 ml",Kosmetické přípravky TianDe->Série Tibetan Herbs TianDe,1 / 60,1/60,60,418.0,14.0,220
12117,"Pleťové sérum s kordycepsem, 30 ml",Kosmetické přípravky TianDe->Série Tibetan Herbs TianDe,1 / 144,1/144,144,269.0,9.5,221
12116HM,"Vysoce účinný hydratační krém na obličej, 50 g",Kosmetické přípravky TianDe->Série Tibetan Herbs TianDe,1 / 96,1/96,96,224.0,8.4,222
12115HM,"Vyživující krém na obličej na vrásky, 50 g",Kosmetické přípravky TianDe->Série Tibetan Herbs TianDe,1 / 96,1/96,96,224.0,8.4,223
60145,"Denní hygienická vložka „Jemná péče“, 1 ks",Kosmetické přípravky TianDe->VložkyTianDe,1 / 1350,1/1350,1350,45.0,1.5,225
61902,"Denní menstruační vložky s fytomembránou „Energie bylin“, 8 ks","Kosmetické přípravky TianDe->VložkyTianDe->Vložky ""Energie bylin""",1 / 30,1/30,30,164.0,6.3,227
61901,"Denní vložky s fytomembránou „Energie bylin“, 20 ks","Kosmetické přípravky TianDe->VložkyTianDe->Vložky ""Energie bylin""",1 / 48,1/48,48,164.0,5.9,228
61903,"Noční menstruační vložky s fytomembránou „Energie bylin“, 8 ks","Kosmetické přípravky TianDe->VložkyTianDe->Vložky ""Energie bylin""",1 / 30,1/30,30,194.0,7.0,229
61914,"Dámské bylinné slipové vložky Nefritová svěžest, 20 ks","Kosmetické přípravky TianDe->VložkyTianDe->Vložky s použitím bylin a mentolem ""Nefritová svěžest""",1 / 48,1/48,48,114.0,3.8,231
61915,"Dámské bylinné slipové vložky s anionty Nefritová svěžest, 20 ks","Kosmetické přípravky TianDe->VložkyTianDe->Vložky s použitím bylin a mentolem ""Nefritová svěžest""",1 / 48,1/48,48,114.0,3.8,232
61912,"Dámské bylinné vložky Nefritová svěžest, denní super, 10 ks","Kosmetické přípravky TianDe->VložkyTianDe->Vložky s použitím bylin a mentolem ""Nefritová svěžest""",1 / 30,1/30,30,134.0,4.6,233
61913,"Dámské bylinné vložky Nefritová svěžest, noční super, 10 ks","Kosmetické přípravky TianDe->VložkyTianDe->Vložky s použitím bylin a mentolem ""Nefritová svěžest""",1 / 30,1/30,30,134.0,3.9,234
61921,"Dámské bylinné vložky Nefritová svěžest, super tenké, 25 ks","Kosmetické přípravky TianDe->VložkyTianDe->Vložky s použitím bylin a mentolem ""Nefritová svěžest""",1 / 48,1/48,48,116.0,3.9,235
61911,"Denní vložky s extraktem aloe Nefritová svěžest, 20 ks","Kosmetické přípravky TianDe->VložkyTianDe->Vložky s použitím bylin a mentolem ""Nefritová svěžest""",1 / 48,1/48,48,114.0,3.8,236
63601,"Denní vložka Energie bylin, 1 ks","Kosmetické přípravky TianDe->VložkyTianDe->Vložky""Life Energy""",1 / 1 / 1250 / 1250,1/1/1250/1250,1250,45.0,1.5,238
61922,"AKCE březen - duben! Ultra tenké dámské denní menstruační vložky Nebeská bavlna, 8 ks",Kosmetické přípravky TianDe->VložkyTianDe->Прокладки «Небесный хлопок»,1 / 30,1/30,30,127.0,4.3,240
61923,"Ultra tenké slipové vložky Nebeská bavlna, 20 ks",Kosmetické přípravky TianDe->VložkyTianDe->Прокладки «Небесный хлопок»,1 / 48,1/48,48,107.0,3.6,241
67109,"AKCE březen - duben! Super tenké menstruační vložky s bylinným komplexem Artemisia, 8 ks",Kosmetické přípravky TianDe->VložkyTianDe->Прокладки «Травяной комплекс с полынью»,1 / 48,1/48,48,164.0,5.9,243
67108,"Super tenké slipové vložky s bylinným komplexem Artemisia, 20 ks",Kosmetické přípravky TianDe->VložkyTianDe->Прокладки «Травяной комплекс с полынью»,1 / 48,1/48,48,164.0,5.9,244
60141,"Zubní gel Přírodní bambusová sůl, 120 g",Kosmetické přípravky TianDe->Zubní pasty a gely,1 / 12 / 72,1/12/72,72,114.0,3.9,246
60140HM,"Zubní gel Tekutý vápník, 120 g",Kosmetické přípravky TianDe->Zubní pasty a gely,1 / 12 / 72,1/12/72,72,114.0,3.9,247
60144,"Zubní pasta ""Zelený čaj a ženšen Sanchi"", 120 g",Kosmetické přípravky TianDe->Zubní pasty a gely,1 / 72,1/72,72,134.0,5.0,248
60146,"Zubní pasta Extra White PRO, 60 g",Kosmetické přípravky TianDe->Zubní pasty a gely,1 / 144,1/144,144,107.0,4.5,249
60142,"Zubní pasta Přírodní mořské perly,120 g",Kosmetické přípravky TianDe->Zubní pasty a gely,1 / 12 / 72,1/12/72,72,114.0,3.9,250
30140,"Nosní masážní olej Tajemství energie Čchi, 10 ml",Kosmetické přípravky TianDe->Массажное масло TianDe,1 / 200,1/200,200,387.0,15.0,252
191006,"Extrakt z jedlového jehličí s šípkovou a rybízovou šťávou, 100 g (10 kusů po 10 g)",Kosmetické přípravky TianDe->Серия «Dr. Taiga»,1 / 72,1/72,72,298.0,10.0,254
65916-2,"Hygienický sprej Fytoncidy tajgy a mořská sůl, 35 g",Kosmetické přípravky TianDe->Серия «Dr. Taiga»,1 / 96,1/96,96,164.0,5.5,255
65914-2,"Hygienický ústní sprej Jedlový esenciální olej a propolis, 35 g",Kosmetické přípravky TianDe->Серия «Dr. Taiga»,1 / 96,1/96,96,164.0,5.5,256
198812,"Rozpustný čekankový nápoj s extrakty parchy saflorové a rezavce šikmého, sáček 3 g",Kosmetické přípravky TianDe->Серия «Dr. Taiga»,1 / 200,1/200,200,39.0,1.3,257
195926,"Tekutá bylinná sezónní směs s extraktem jedlového jehličí, 100 g (10 kusů po 10 g)",Kosmetické přípravky TianDe->Серия «Dr. Taiga»,1 / 72,1/72,72,298.0,10.0,258
65913-2,"Zubní fytopasta na obnovu skloviny Skytský kořen, 80 g",Kosmetické přípravky TianDe->Серия «Dr. Taiga»,1 / 96,1/96,96,177.0,6.0,259
57010,"AKCE březen - duben!  Sleva leden-unor! Hydratační pleťová PGA-maska s pivoňkou a pupečníkem asijským, 1 ks",Kosmetické přípravky TianDe->Серия «FreshClick»,1 / 480,1/480,480,57.0,2.1,261
17003HM,"Aquagel na oči a obličej, 65 g",Kosmetické přípravky TianDe->Серия «FreshClick»,1 / 96,1/96,96,300.0,10.5,262
27006,"Kondicionér na vlasy Efekt bio-laminace, 250 ml",Kosmetické přípravky TianDe->Серия «FreshClick»,1 / 48,1/48,48,289.0,9.8,263
27005HM,"Šampon pro hloubkové čištění vlasů, 250 ml",Kosmetické přípravky TianDe->Серия «FreshClick»,1 / 48,1/48,48,291.0,9.9,264
67007,"Slipové vložky se stříbrem, super tenké, 20 ks",Kosmetické přípravky TianDe->Серия «FreshClick»,1 / 48,1/48,48,114.0,3.8,265
15601,"Čisticí mléko na obličej a dekolt, 100 g",Kosmetické přípravky TianDe->Серия «Fucoidan»,1 / 96,1/96,96,278.0,13.5,267
15602,"Čisticí pleťová voda, 100 ml",Kosmetické přípravky TianDe->Серия «Fucoidan»,1 / 96,1/96,96,278.0,13.5,268
15604,"Koncentrovaný oční gel na vrásky, 25 g",Kosmetické přípravky TianDe->Серия «Fucoidan»,1 / 96,1/96,96,352.0,17.0,269
55605,"Krémová omlazující maska na obličej, krk a dekolt, 80 g",Kosmetické přípravky TianDe->Серия «Fucoidan»,1 / 96,1/96,96,352.0,17.0,270
15603,"Revitalizační anti-aging krém na obličej, 55 g",Kosmetické přípravky TianDe->Серия «Fucoidan»,1 / 96,1/96,96,352.0,17.0,271
85607HM,"Zjemňující balzám na rty, 10 g",Kosmetické přípravky TianDe->Серия «Fucoidan»,1 / 192,1/192,192,126.0,5.0,272
17105,"Antioxidační pleťový peeling, 120 g",Kosmetické přípravky TianDe->Серия «Herbal Energies»,1 / 96,1/96,96,174.0,6.0,274
17101,"Pleťový krém s bílým čajem, 50 g",Kosmetické přípravky TianDe->Серия «Herbal Energies»,1 / 96,1/96,96,308.0,11.5,275
17103,"Pleťový krém s cordycepsem a šalvějí, 50 g",Kosmetické přípravky TianDe->Серия «Herbal Energies»,1 / 96,1/96,96,308.0,11.5,276
17104HM,"Ultra-jemný čistící gel, 120 g",Kosmetické přípravky TianDe->Серия «Herbal Energies»,1 / 96,1/96,96,155.0,5.3,277
56007,"DOP.AKCE! Tající kolagenová liftingová pleťová maska s mořskými řasami, 1 ks",Kosmetické přípravky TianDe->Серия «Ocean Riches»,1 / 400,1/400,400,74.0,2.5,279
16002HM,"Fluid na oční víčka, 25 ml",Kosmetické přípravky TianDe->Серия «Ocean Riches»,1 / 12 / 96,1/12/96,96,387.0,14.0,280
16001,"Hyaluronové sérum na pleť, 25 ml",Kosmetické přípravky TianDe->Серия «Ocean Riches»,1 / 96,1/96,96,358.0,13.0,281
86004,"Hydratační báze pod make-up, 40 ml",Kosmetické přípravky TianDe->Серия «Ocean Riches»,1 / 96,1/96,96,358.0,13.0,282
56005,"Hydrogelové polštářky na oční víčka s červenými mořskými řasami a yuzu, 60 ks",Kosmetické přípravky TianDe->Серия «Ocean Riches»,1 / 96,1/96,96,445.0,16.0,283
30201,"AKCE březen - duben!  Peeling Citrónový, 120 g",Kosmetické přípravky TianDe->Серия «SPA Technology» ТianDe->Peelingy SPA Technology ТianDe,1 / 24 / 96,1/24/96,96,144.0,4.6,285
30205,"AKCE březen - duben!  Peeling Hroznový, 120 g",Kosmetické přípravky TianDe->Серия «SPA Technology» ТianDe->Peelingy SPA Technology ТianDe,1 / 24 / 96,1/24/96,96,144.0,4.6,286
30203,"AKCE březen - duben!  Peeling Mléčný, 120 g",Kosmetické přípravky TianDe->Серия «SPA Technology» ТianDe->Peelingy SPA Technology ТianDe,1 / 24 / 96,1/24/96,96,144.0,4.6,287
30204HM,"AKCE březen - duben!  Peeling Okurkový, 120 g",Kosmetické přípravky TianDe->Серия «SPA Technology» ТianDe->Peelingy SPA Technology ТianDe,1 / 24 / 96,1/24/96,96,144.0,4.6,288
30207,"AKCE březen - duben! Peeling Olivový, 120 g",Kosmetické přípravky TianDe->Серия «SPA Technology» ТianDe->Peelingy SPA Technology ТianDe,1 / 24 / 96,1/24/96,96,144.0,4.6,289
50224HM,"Vodou rozpustná maska na obličej Perlový pudr, 100 g",Kosmetické přípravky TianDe->Серия «SPA Technology» ТianDe->Rozpustné masky TianDe,1 / 1 / 1 / 120 / 120,1/1/1/120/120,120,120.0,4.2,291
30213,"Tělová sůl ""Medová broskev"", 380 g",Kosmetické přípravky TianDe->Серия «SPA Technology» ТianDe->Série SPA Technology Tělové soli TianDe,1 / 1 / 1 / 12 / 12 / 48 / 48,1/1/1/12/12/48/48,48,215.0,6.9,293
30223HM,"Tělová sůl “Krystaly z Mrtvého moře”, 330 g",Kosmetické přípravky TianDe->Серия «SPA Technology» ТianDe->Série SPA Technology Tělové soli TianDe,1 / 48,1/48,48,300.0,10.0,294
30222,"Tělová sůl „Grapefruit“, 380 g",Kosmetické přípravky TianDe->Серия «SPA Technology» ТianDe->Série SPA Technology Tělové soli TianDe,1 / 48,1/48,48,215.0,6.9,295
30215,"Tělová sůl „Zelený čaj“, 380 g",Kosmetické přípravky TianDe->Серия «SPA Technology» ТianDe->Série SPA Technology Tělové soli TianDe,1 / 1 / 1 / 12 / 12 / 48 / 48,1/1/1/12/12/48/48,48,215.0,6.9,296
10206-2,"AKCE březen - duben!  Micelární voda s fytokomplexem, 200 g",Kosmetické přípravky TianDe->Серия «SPA Technology» ТianDe->Umývací gely SPA Technology,1 / 48,1/48,48,194.0,6.9,298
10263,"AKCE březen - duben! Peelingové tampony na obličej s obsahem kyselin AHA a PHA, 50 ks",Kosmetické přípravky TianDe->Серия «SPA Technology» ТianDe->Umývací gely SPA Technology,1 / 24,1/24,24,445.0,15.1,299
10201HM,"Čistící gel ""Zelený čaj"", 150 g",Kosmetické přípravky TianDe->Серия «SPA Technology» ТianDe->Umývací gely SPA Technology,1 / 1 / 1 / 24 / 24 / 96 / 96 / 96,1/1/1/24/24/96/96/96,96,120.0,2.9,300
10202HM,"Čistící gel „Oceán krásy“, 150 g",Kosmetické přípravky TianDe->Серия «SPA Technology» ТianDe->Umývací gely SPA Technology,1 / 24 / 96,1/24/96,96,120.0,2.9,301
10261,"Enzymový pudr na mytí obličeje, 70 g",Kosmetické přípravky TianDe->Серия «SPA Technology» ТianDe->Umývací gely SPA Technology,1 / 20,1/20,20,475.0,16.0,302
10262,"Hydrofilní odličovací máslo, 75 g",Kosmetické přípravky TianDe->Серия «SPA Technology» ТianDe->Umývací gely SPA Technology,1 / 24,1/24,24,416.0,14.0,303
56311,"Pleťová maska Kyselina azelaová a vitamín C, 1 ks",Kosmetické přípravky TianDe->Серия «Vita Derm»,1 / 400,1/400,400,66.0,2.4,305
16310HM,"Revitalizační noční pleťová krémová maska Biotics, 50 g",Kosmetické přípravky TianDe->Серия «Vita Derm»,1 / 96,1/96,96,387.0,13.0,306
16309HM,"Revitalizační pleťová esence ve spreji Biotics, 100 ml",Kosmetické přípravky TianDe->Серия «Vita Derm»,1 / 96,1/96,96,378.0,12.7,307
16304HM,"Zklidňující čistící pleťová pěna, 160 ml",Kosmetické přípravky TianDe->Серия «Vita Derm»,1 / 96,1/96,96,416.0,16.0,308
195429,"Kolagen s višňovou a granátovou šťávou, 21 sáčků po 12 g",Kosmetické přípravky TianDe->Серия «Vita Derm»,1 / 27,1/27,27,686.0,17.0,310
195458,"Nápoj s extraktem z pomerančovníku a šťávou z malin, 8 g",Kosmetické přípravky TianDe->Серия «Vita Derm»,1 / 200,1/200,200,50.0,1.6,311
195431,"Pektinový kysel s rakytníkem a jablkem, 15 g",Kosmetické přípravky TianDe->Серия «Vita Derm»,1 / 200,1/200,200,55.0,1.6,312
195432,"Pektinový kysel s vlochyní a borůvkou, 15 g",Kosmetické přípravky TianDe->Серия «Vita Derm»,1 / 200,1/200,200,55.0,1.6,313
195469,"Sleva březen - duben!!! Nápoj s glycinem a tryptofanem, 7 g",Kosmetické přípravky TianDe->Серия «Vita Derm»,1 / 200,1/200,200,42.0,1.7,314
195466,"Čaga s mumiem, 16,44 mg/30 kapslí po 548 mg",Kosmetické přípravky TianDe->Серия «Vita Derm»,1 / 60,1/60,60,871.0,30.0,316
135449,"Geroproline, 15,9 g / 30 kapslí po 530 mg",Kosmetické přípravky TianDe->Серия «Vita Derm»,1 / 60,1/60,60,871.0,30.0,317
135456,"Glutatione complex, 11,70 g (30 kapslí po 390 mg)",Kosmetické přípravky TianDe->Серия «Vita Derm»,1 / 60,1/60,60,871.0,30.0,318
135455,"Zlatophyt, 11,70 g/30 kapslí po 390 mg",Kosmetické přípravky TianDe->Серия «Vita Derm»,1 / 60,1/60,60,871.0,30.0,319
120105,"AKCE březen-duben!  Zázvorový nápoj, 1 sáček, 18 g",Kosmetické přípravky TianDe->Серия «Vita Derm»,1 / 240,1/240,240,39.0,1.3,321
120109,"Kávový nápoj „Čínská kávová zrna“ (plody Sénna alexandrína), 10 g",Kosmetické přípravky TianDe->Серия «Vita Derm»,1 / 600,1/600,600,21.0,0.8,322
90101,"Čelenka na vlasy, 1 ks",Kosmetické přípravky TianDe->Серия «Vita Derm»,1 / 500,1/500,500,66.0,1.7,324
90165/01,"Houba na mytí a masáž obličeje, 1 ks (barva fialová)",Kosmetické přípravky TianDe->Серия «Vita Derm»,1 / 300,1/300,300,66.0,2.3,325
90165/02,"Houba na mytí a masáž obličeje, 1 ks (barva tyrkysová)",Kosmetické přípravky TianDe->Серия «Vita Derm»,1 / 300,1/300,300,66.0,2.3,326
90186,"Kosmetická špachtle na krém, 1 ks",Kosmetické přípravky TianDe->Серия «Vita Derm»,1 / 10000,1/10000,10000,7.0,0.1,327
90200,"Lešticí pilník na nehty, 1 ks",Kosmetické přípravky TianDe->Серия «Vita Derm»,1 / 10 / 400,1/10/400,400,174.0,4.9,328
90204,"Lešticí pilník na pedikúru, 1 ks",Kosmetické přípravky TianDe->Серия «Vita Derm»,1 / 10 / 360,1/10/360,360,269.0,7.0,329
90151,"Masážní váleček na obličej, 1 ks",Kosmetické přípravky TianDe->Серия «Vita Derm»,1 / 120,1/120,120,126.0,3.6,330
90141,"Mezoroller (masážní váleček), 1 ks",Kosmetické přípravky TianDe->Серия «Vita Derm»,1 / 200,1/200,200,833.0,31.4,331
90187,"Sleva březen - duben!!! 3D masážní pomůcka pro lifting pokožky obličeje a těla, 1 ks",Kosmetické přípravky TianDe->Серия «Vita Derm»,1 / 60,1/60,60,465.0,15.0,332
90178,"Vibrační masážní pomůcka na oči, 1 ks",Kosmetické přípravky TianDe->Серия «Vita Derm»,1 / 24,1/24,24,4434.0,25.0,333
30129,"Nákoleníky s bodovou turmalínovou vrstvou, 2 ks",Kosmetické přípravky TianDe->Серия «Vita Derm»,1 / 36,1/36,36,1219.0,41.0,335
30132/01,"Pánské spodní prádlo s bodovou turmalínovou vrstvou, 1 ks (vel. L)",Kosmetické přípravky TianDe->Серия «Vita Derm»,1 / 120,1/120,120,291.0,6.0,336
30132/02,"Pánské spodní prádlo s bodovou turmalínovou vrstvou, 1 ks (vel. XXL)",Kosmetické přípravky TianDe->Серия «Vita Derm»,1 / 120,1/120,120,291.0,6.0,337
30126,"Pás s bodovou turmalínovou vrstvou, 1 ks",Kosmetické přípravky TianDe->Серия «Vita Derm»,1 / 36,1/36,36,1336.0,45.0,338
980156,"Japonský exfoliační ručník pro celé tělo (středně hrubý), 1 ks",Kosmetické přípravky TianDe->Серия «Vita Derm»,1 / 300,1/300,300,145.0,5.7,340
980155,"Spa rukavice, 1 ks (ТМ EcoDeViva)",Kosmetické přípravky TianDe->Серия «Vita Derm»,1 / 300,1/300,300,126.0,4.1,341
980168,"Vatové tyčinky z bambusu, 100 ks (ТМ EcoDeViva)",Kosmetické přípravky TianDe->Серия «Vita Derm»,1 / 480,1/480,480,42.0,1.5,342
135467,"40% SLEVA!!! Ženšen a mateří kašička, 50,1 g (30 kapslí po 1,67 g)",Kosmetické přípravky TianDe->Серия «Vita Derm»,1 / 100,1/100,100,755.0,25.0,344
113004,"Citrokalcevit, 30 g (60 tablet po 500 mg)",Kosmetické přípravky TianDe->Серия «Vita Derm»,1 / 40,1/40,40,484.0,13.0,345
113007,"Pjaoljan, 16,8 g/13,5 g (30 kapslí á 560 mg/brutto; 450 mg/netto)",Kosmetické přípravky TianDe->Серия «Vita Derm»,1 / 60,1/60,60,463.0,13.7,346
113011,Sleva březen - duben!!! Extrakt z listu ořešáku královského,Kosmetické přípravky TianDe->Серия «Vita Derm»,1 / 20,1/20,20,347.0,11.8,347
113012,Sleva březen - duben!!! Extrakt z plodu ostropestřce mariánského s riboflavinem,Kosmetické přípravky TianDe->Серия «Vita Derm»,1 / 20,1/20,20,296.0,9.5,348
113013,Sleva březen - duben!!! Tablety s extraktem z jader vinné révy,Kosmetické přípravky TianDe->Серия «Vita Derm»,1 / 20,1/20,20,347.0,11.8,349
191014,"Fytoformule s rozchodnicí, 180 g (15 kusů po 12 g)",Kosmetické přípravky TianDe->Серия «Vita Derm»,1 / 34,1/34,34,532.0,16.0,351
191005,"Fytokoncentrát s hruštičkou okrouhlolistou a tryptofanem pro ženy, 120 g",Kosmetické přípravky TianDe->Серия «Vita Derm»,1 / 66,1/66,66,416.0,14.0,352
191008,Jablečná vláknina a prášek dýně,Kosmetické přípravky TianDe->Серия «Vita Derm»,1 / 200,1/200,200,39.0,1.2,353
980193,"Expres utěrka na čištění skla, 1 ks (ТМ EcoDeViva)",Kosmetické přípravky TianDe->Серия «Vita Derm»,1 / 192,1/192,192,224.0,7.5,355
980199,"Hadřík na nádobí, 1 ks (EcoDeViva)",Kosmetické přípravky TianDe->Серия «Vita Derm»,1 / 24 / 192,1/24/192,192,116.0,4.0,356
98898,"Hadřík na optiku a obrazovky, 1 ks",Kosmetické přípravky TianDe->Серия «Vita Derm»,1 / 1200,1/1200,1200,68.0,2.5,357
980198,"Oboustranný hadr na podlahu, 1 ks (ТМ EcoDeViva)",Kosmetické přípravky TianDe->Серия «Vita Derm»,1 / 24 / 96,1/24/96,96,358.0,12.0,358
980192,"PROFI utěrka na komplexní čištění, 1 ks (ТМ EcoDeViva)",Kosmetické přípravky TianDe->Серия «Vita Derm»,1 / 192,1/192,192,173.0,6.5,359
980188,"Utěrka-skraber na úklid 2 v 1, 1 ks",Kosmetické přípravky TianDe->Серия «Vita Derm»,1 / 192,1/192,192,200.0,6.7,360
640102,"Sirupy s ovocnými šťávami a vitamíny, 21 sáčků po 10 g",Kosmetické přípravky TianDe->Серия «Vita Derm»,1 / 32,1/32,32,294.0,6.3,362
60150,"Aroma-tyčinka s vůní višní a máty, 1 ks (ТМ TianDe)",Kosmetické přípravky TianDe->Серия «Vita Derm»,1 / 540,1/540,540,87.0,3.0,364
